title,author,isbn
Pride and Prejudice,Jane Austen,9780141439518
Wuthering Heights,Emily Bronte,9780141439556
Jane Eyre,Charlotte Bronte,9780141441146
A Tale of Two Cities,Charles Dickens,9780141439600
The Great Gatsby,F. Scott Fitzgerald,9780743273565
To Kill a Mockingbird,Harper Lee,9780061120084
1984,George Orwell,9780451524935
Animal Farm,George Orwell,9780451526342
The Hobbit,J. R. R. Tolkien,9780547928227
Dune,Frank Herbert,9780441172719
Neuromancer,William Gibson,9780441569595
The Hitchhiker's Guide to the Galaxy,Douglas Adams,9780345391803
Ender's Game,Orson Scott Card,9780812550702
Brave New World,Aldous Huxley,9780060850524
The Shining,Stephen King,9780307743657
And Then There Were None,Agatha Christie,9780062073488
The Alchemist,Paulo Coelho,9780062315007
One Hundred Years of Solitude,Gabriel Garcia Marquez,9780060883287
Beloved,Toni Morrison,9781400033416
The Handmaid's Tale,Margaret Atwood,9780385490818
The Odyssey,Homer,9780140268867
The Count of Monte Cristo,Alexandre Dumas,9780140449266
Meditations,Marcus Aurelius,9780140449334
A Brief History of Time,Stephen Hawking,9780553380163
Sapiens,Yuval Noah Harari,9780062316097
The Power of Habit,Charles Duhigg,9780812981605
"Thinking, Fast and Slow",Daniel Kahneman,9780374533557
Matilda,Roald Dahl,9780142410370
Charlotte's Web,E. B. White,9780061124952
The Little Prince,Antoine de Saint-Exupery,9780156012195
The Road,Cormac McCarthy,9780307387899
Harry Potter and the Sorcerer's Stone,J. K. Rowling,9780439554930
Ready Player One,Ernest Cline,9780307887443
"The Lion, the Witch and the Wardrobe",C. S. Lewis,9780060764890
Of Mice and Men,John Steinbeck,9780142000670
Memoirs of a Geisha,Arthur Golden,9780739326220
The Giver,Lois Lowry,9780385732550
City of Bones,Cassandra Clare,9781416914280
Where the Sidewalk Ends,Shel Silverstein,9780060513030
Holes,Louis Sachar,9780439244190
Where the Wild Things Are,Maurice Sendak,9780099408390
The Innocent Man,John Grisham,9780385517232
The Old Man and the Sea,Ernest Hemingway,9780684830490
Les Miserables,Victor Hugo,9780451525260
If I Stay,Gayle Forman,9780525421030
Girl with a Pearl Earring,Tracy Chevalier,9780452287020
The Titan's Curse,Rick Riordan,9780141382890
The Shack,William P. Young,9780964729230
Artemis Fowl,Eoin Colfer,9780786817870
Eragon,Christopher Paolini,9780375826696
The Moon Is a Harsh Mistress,Robert A. Heinlein,9780312863555
Atonement,Ian McEwan,9780385721790
The Voyage of the Dawn Treader,C. S. Lewis,9780061125270
The Scorch Trials,James Dashner,9780385738750
Before I Go to Sleep,S. J. Watson,9780062060563
Eleanor & Park,Rainbow Rowell,9781250012579
P.S. I Love You,Cecelia Ahern,9780786890750
Anna and the French Kiss,Stephanie Perkins,9780525423270
Frostbite,Richelle Mead,9781595141750
Prince Caspian,C. S. Lewis,9780007202300
A Walk in the Woods,Bill Bryson,9780307279460
The Couple Next Door,Shari Lapena,9780735221109
Never Let Me Go,Kazuo Ishiguro,9781400078776
Othello,William Shakespeare,9780743477550
"Will Grayson, Will Grayson",John Green,9780525421580
Wonder,R. J. Palacio,9780375869020
A Discovery of Witches,Deborah Harkness,9780670022410
Hatchet,Gary Paulsen,9780689840920
The Witches,Roald Dahl,9780590032490
Hotel on the Corner of Bitter and Sweet,Jamie Ford,9780345505330
The Woman in Black,Susan Hill,9781567921892
The Princess Diaries,Meg Cabot,9780061543654
Bel Canto,Ann Patchett,9780060838720
Fantastic Beasts and Where to Find Them,J. K. Rowling,9780439321600
Their Eyes Were Watching God,Zora Neale Hurston,9780061120060
The Truth About Forever,Sarah Dessen,9780142406250
Rebecca,Daphne du Maurier,9781844080380
Wizard's First Rule,Terry Goodkind,9780765346520
"Guns, Germs, and Steel",Jared Diamond,9780393354324
Fall of Giants,Ken Follett,9780525951650
The Invention of Wings,Sue Monk Kidd,9780670024780
What Alice Forgot,Liane Moriarty,9780141043760
Definitely Dead,Charlaine Harris,9780441014910
Clockwork Princess,Cassandra Clare,9781406321340
Corduroy,Don Freeman,9780670241330
The Absolutely True Diary of a Part-Time Indian,Sherman Alexie,9780316013680
The Complete Tales of Edgar Allan Poe,Edgar Allan Poe,9780385074070
Voyager,Diana Gabaldon,9780385335997
A Separate Peace,John Knowles,9780743253970
The Restaurant at the End of the Universe,Douglas Adams,9780345418920
Franny and Zooey,J. D. Salinger,9780316769020
Cloud Atlas,David Mitchell,9780375507250
Along for the Ride,Sarah Dessen,9780670011940
Unwind,Neal Shusterman,9781416912040
The True Story of the Three Little Pigs,Jon Scieszka,9780140544510
The Maze Runner,James Dashner,9780385737944
Go Set a Watchman,Harper Lee,9780062409850
Middlesex,Jeffrey Eugenides,9780312427733
The Silmarillion,J. R. R. Tolkien,9780618391110
The Summoning,Kelley Armstrong,9780061662690
The City & the City,China Mieville,9780345497512
Linger,Maggie Stiefvater,9780545123280
The Shipping News,Annie Proulx,9780671510053
Love the One You're With,Emily Giffin,9780312348670
The Constant Princess,Philippa Gregory,9780743272490
Drums of Autumn,Diana Gabaldon,9780385335980
Passion,Lauren Kate,9780385739160
Freedom,Jonathan Franzen,9780374158460
Lamb,Christopher Moore,9780380813810
The Wedding,Nicholas Sparks,9780446615860
The Westing Game,Ellen Raskin,9780142401200
A Grief Observed,C. S. Lewis,9780060652388
The Tale of Despereaux,Kate DiCamillo,9780763625290
Lonesome Dove,Larry McMurtry,9780671683900
The Queen of the Damned,Anne Rice,9780345419620
Cloudy with a Chance of Meatballs,Judi Barrett,9780689707490
Throne of Glass,Sarah J. Maas,9781619630345
Crank,Ellen Hopkins,9780689865190
Vision in White,Nora Roberts,9780425227510
The Age of Innocence,Edith Wharton,9781593081430
The Monster at the End of This Book,Jon Stone,9780375829130
The Brief Wondrous Life of Oscar Wao,Junot Diaz,9781594483295
Crossed,Ally Condie,9780142421710
Unearthly,Cynthia Hand,9780061996160
The Bonesetter's Daughter,Amy Tan,9780345457370
Anne of Avonlea,L. M. Montgomery,9780553213140
Queen of Shadows,Sarah J. Maas,9781619636040
The Blind Assassin,Margaret Atwood,9781860498800
Lover Unbound,J. R. Ward,9780451222350
The Omnivore's Dilemma,Michael Pollan,9781594200823
Dragonflight,Anne McCaffrey,9780345484260
High Five,Janet Evanovich,9780330371230
The Joy Luck Club,Amy Tan,9780143038092
The Mote in God's Eye,Larry Niven & Jerry Pournelle,9780671741921
The Girl with All the Gifts,M. R. Carey,9780356500157
Handle with Care,Jodi Picoult,9780743296410
The Ersatz Elevator,Lemony Snicket,9780060566210
Wintergirls,Laurie Halse Anderson,9780670011100
The Invisible Man,H. G. Wells,9780451528520
The Carnivorous Carnival,Lemony Snicket,9780064410120
The Host,Stephenie Meyer,9780316068055
The 5th Wave,Rick Yancey,9780399162411
Rebel Angels,Libba Bray,9780385733410
The Namesake,Jhumpa Lahiri,9780618485222
Abhorsen,Garth Nix,9780060278250
The Strange Case of Dr. Jekyll and Mr. Hyde,Robert Louis Stevenson,9780141439730
Stones from the River,Ursula Hegi,9780684844770
Miss Nelson Is Missing!,Harry Allard,9780395401460
The Once and Future King,T. H. White,9780441627400
The Path of Daggers,Robert Jordan,9780812550290
Attachments,Rainbow Rowell,9780452297548
The Sirens of Titan,Kurt Vonnegut,9781857988840
The Alloy of Law,Brandon Sanderson,9780765330420
Bitten,Kelley Armstrong,9780452286030
Killing Lincoln,Bill O'Reilly,9780805093070
Go the Fuck to Sleep,Adam Mansbach,9781617750250
Einstein: His Life and Universe,Walter Isaacson,9780743264730
Pygmalion,George Bernard Shaw,9780486282220
2nd Chance,James Patterson,9780446696630
Those Who Save Us,Jenna Blum,9780156031660
The Lean Startup,Eric Ries,9780307887894
"Click, Clack, Moo: Cows That Type",Doreen Cronin,9780689832130
Assassin's Quest,Robin Hobb,9780553565690
Big Magic,Elizabeth Gilbert,9781594634710
Sophie's Choice,William Styron,9780679736370
Cry Wolf,Patricia Briggs,9780441016150
Winter Garden,Kristin Hannah,9780312364120
Fantastic Mr Fox,Roald Dahl,9780375822070
Death Comes to Pemberley,P. D. James,9780307959850
The Broker,John Grisham,9780385340540
At Grave's End,Jeaniene Frost,9780061583070
Death on the Nile,Agatha Christie,9780553119220
The Warded Man,Peter V. Brett,9780345503800
On the Origin of Species,Charles Darwin,9780140439120
Dreamland,Sarah Dessen,9780142401750
Dark Matter,Blake Crouch,9781101904220
The Wee Free Men,Terry Pratchett,9780060012380
My Life in France,Julia Child,9781400043460
The King of Torts,John Grisham,9780385339650
Dead Wake,Erik Larson,9780307408860
American Sniper,Chris Kyle,9780062107060
The Black Dahlia,James Ellroy,9780446698870
Crossroads of Twilight,Robert Jordan,9780312864590
Tara Road,Maeve Binchy,9780440235590
The Passage,Justin Cronin,9780345504975
What Is the What,Dave Eggers,9781932416640
Sweet Evil,Wendy Higgins,9780062085610
"Ramona Quimby, Age 8",Beverly Cleary,9780440800460
Leaves of Grass,Walt Whitman,9781416523710
Corelli's Mandolin,Louis de Bernieres,9780679763970
The Prayer of Jabez,Bruce Wilkinson,9781576737330
Tithe,Holly Black,9780689867040
Born in Fire,Nora Roberts,9780515114690
"Sex, Drugs, and Cocoa Puffs",Chuck Klosterman,9780743236010
Girls in Pants,Ann Brashares,9780553375930
The God of Small Things,Arundhati Roy,9780679457312
The Man in the Brown Suit,Agatha Christie,9780007151660
Every Which Way But Dead,Kim Harrison,9780060572990
Naked Lunch,William S. Burroughs,9780802140180
The Winter Sea,Susanna Kearsley,9781402241376
Men at Arms,Terry Pratchett,9780061092190
Flyte,Angie Sage,9780060577360
The Turn of the Screw,Henry James,9780140620610
The Assassin's Blade,Sarah J. Maas,9781408852590
Hide and Seek,Ian Rankin,9780752883540
Tikki Tikki Tembo,Arlene Mosel,9780312367480
The Immortal Rules,Julie Kagawa,9780373210510
The Boston Girl,Anita Diamant,9781439199350
A Tale for the Time Being,Ruth Ozeki,9780670026630
Dance with the Devil,Sherrilyn Kenyon,9780312984830
Dark Flame,Alyson Noel,9780312590970
The Last Lecture,Randy Pausch,9781401323257
Dance Upon the Air,Nora Roberts,9780749932770
NOS4A2,Joe Hill,9780062200570
A Connecticut Yankee in King Arthur's Court,Mark Twain,9781416534730
Gossip Girl,Cecily von Ziegesar,9780316910330
Out of the Silent Planet,C. S. Lewis,9780007157150
The Illustrated Man,Ray Bradbury,9780007127740
Heat Wave,Richard Castle,9781401323820
The Black Cauldron,Lloyd Alexander,9780805080490
He's Just Not That Into You,Greg Behrendt,9781416947400
Son of a Witch,Gregory Maguire,9780060747220
When the Bough Breaks,Jonathan Kellerman,9780345466600
Before the Fall,Noah Hawley,9781455561780
Consider Phlebas,Iain M. Banks,9781857231380
The Ocean at the End of the Lane,Neil Gaiman,9780062255662
Chain Reaction,Simone Elkeles,9780802720870
Half of a Yellow Sun,Chimamanda Ngozi Adichie,9781400044160
A Passage to India,E. M. Forster,9780141441160
The Fireman,Joe Hill,9780062200631
Travels with Charley,John Steinbeck,9780142000700
This Side of the Grave,Jeaniene Frost,9780061783180
Undead and Unwed,MaryJanice Davidson,9780425194850
The Republic of Thieves,Scott Lynch,9780553804690
The 19th Wife,David Ebershoff,9781400063970
Pyramids,Terry Pratchett,9780061020650
The Yellow Wallpaper,Charlotte Perkins Gilman,9781558611580
These Is My Words,Nancy E. Turner,9780060987510
I'm a Stranger Here Myself,Bill Bryson,9780767903820
Lightning,Dean Koontz,9780425192030
Prozac Nation,Elizabeth Wurtzel,9781573225120
Old Man's War,John Scalzi,9780765348272
Unnatural Exposure,Patricia Cornwell,9780751530490
The Pillars of Creation,Terry Goodkind,9780765340740
Succubus Blues,Richelle Mead,9780758216410
The Strain,Guillermo del Toro,9780061558245
The Amazing Adventures of Kavalier & Clay,Michael Chabon,9780312282998
All the King's Men,Robert Penn Warren,9780156004800
The Memory Keeper's Daughter,Kim Edwards,9780143037149
The Odessa File,Frederick Forsyth,9780553271980
The Iliad,Homer,9780140447941
The Aeneid,Virgil,9780140449327
The Divine Comedy,Dante Alighieri,9780142437223
Don Quixote,Miguel de Cervantes,9780060934347
Hamlet,William Shakespeare,9780743477123
Macbeth,William Shakespeare,9780743477109
Romeo and Juliet,William Shakespeare,9780743477116
King Lear,William Shakespeare,9780743482769
Paradise Lost,John Milton,9780140424393
Robinson Crusoe,Daniel Defoe,9780141439822
Gulliver's Travels,Jonathan Swift,9780141439495
Candide,Voltaire,9780140440041
Faust,Johann Wolfgang von Goethe,9780385031141
Emma,Jane Austen,9780141439587
Sense and Sensibility,Jane Austen,9780141439662
Persuasion,Jane Austen,9780141439686
Frankenstein,Mary Shelley,9780141439471
Great Expectations,Charles Dickens,9780141439563
David Copperfield,Charles Dickens,9780140439441
Bleak House,Charles Dickens,9780141439723
Oliver Twist,Charles Dickens,9780141439747
A Christmas Carol,Charles Dickens,9780141324524
Moby-Dick,Herman Melville,9780142437247
The Scarlet Letter,Nathaniel Hawthorne,9780142437261
Madame Bovary,Gustave Flaubert,9780140449129
The Brothers Karamazov,Fyodor Dostoevsky,9780374528379
The Idiot,Fyodor Dostoevsky,9780375702242
Notes from Underground,Fyodor Dostoevsky,9780679734529
War and Peace,Leo Tolstoy,9781400079988
Anna Karenina,Leo Tolstoy,9780143035008
The Death of Ivan Ilyich,Leo Tolstoy,9780307951335
Fathers and Sons,Ivan Turgenev,9780140441475
Dead Souls,Nikolai Gogol,9780679776444
Middlemarch,George Eliot,9780141439549
The Picture of Dorian Gray,Oscar Wilde,9780141439570
Dracula,Bram Stoker,9780141439846
Treasure Island,Robert Louis Stevenson,9780141321004
The Adventures of Huckleberry Finn,Mark Twain,9780142437179
The Adventures of Tom Sawyer,Mark Twain,9780143039563
The Portrait of a Lady,Henry James,9780141441269
Tess of the d'Urbervilles,Thomas Hardy,9780141439594
Heart of Darkness,Joseph Conrad,9780141441672
Lord Jim,Joseph Conrad,9780141441610
The Call of the Wild,Jack London,9780141321059
White Fang,Jack London,9780141321110
The Metamorphosis,Franz Kafka,9780553213690
The Trial,Franz Kafka,9780805209990
The Castle,Franz Kafka,9780805211061
Ulysses,James Joyce,9780679722762
Dubliners,James Joyce,9780140186475
A Portrait of the Artist as a Young Man,James Joyce,9780142437346
Mrs. Dalloway,Virginia Woolf,9780156628709
To the Lighthouse,Virginia Woolf,9780156907392
Orlando,Virginia Woolf,9780156701600
A Room of One's Own,Virginia Woolf,9780156030410
The Sun Also Rises,Ernest Hemingway,9780743297332
A Farewell to Arms,Ernest Hemingway,9781476764528
For Whom the Bell Tolls,Ernest Hemingway,9780684803357
The Sound and the Fury,William Faulkner,9780679732242
As I Lay Dying,William Faulkner,9780679732259
Light in August,William Faulkner,9780679732266
The Grapes of Wrath,John Steinbeck,9780143039433
East of Eden,John Steinbeck,9780140186390
Cannery Row,John Steinbeck,9780140187373
The Pearl,John Steinbeck,9780140177374
The Stranger,Albert Camus,9780679720201
The Plague,Albert Camus,9780679720218
The Myth of Sisyphus,Albert Camus,9780679733737
Nausea,Jean-Paul Sartre,9780811220309
No Exit,Jean-Paul Sartre,9780679725169
Lolita,Vladimir Nabokov,9780679723165
Pale Fire,Vladimir Nabokov,9780679723424
Things Fall Apart,Chinua Achebe,9780385474542
Invisible Man,Ralph Ellison,9780679732761
Native Son,Richard Wright,9780060837563
Go Tell It on the Mountain,James Baldwin,9780345806543
Giovanni's Room,James Baldwin,9780345806567
The Fire Next Time,James Baldwin,9780679744726
Slaughterhouse-Five,Kurt Vonnegut,9780385333849
Cat's Cradle,Kurt Vonnegut,9780385333481
Catch-22,Joseph Heller,9781451626650
The Catcher in the Rye,J.D. Salinger,9780316769488
Nine Stories,J.D. Salinger,9780316769501
On the Road,Jack Kerouac,9780140283297
The Bell Jar,Sylvia Plath,9780060837020
Lord of the Flies,William Golding,9780399501487
One Flew Over the Cuckoo's Nest,Ken Kesey,9780451163967
A Clockwork Orange,Anthony Burgess,9780393312836
The Unbearable Lightness of Being,Milan Kundera,9780060932138
If on a winter's night a traveler,Italo Calvino,9780156439619
Invisible Cities,Italo Calvino,9780156453806
Ficciones,Jorge Luis Borges,9780802130303
The Aleph,Jorge Luis Borges,9780142437889
Love in the Time of Cholera,Gabriel García Márquez,9780307389732
Song of Solomon,Toni Morrison,9781400033423
The Bluest Eye,Toni Morrison,9780307278449
Sula,Toni Morrison,9781400033430
Midnight's Children,Salman Rushdie,9780812976533
The Satanic Verses,Salman Rushdie,9780812976717
The Color Purple,Alice Walker,9780156028356
The Secret History,Donna Tartt,9781400031702
The Goldfinch,Donna Tartt,9780316055444
The Little Friend,Donna Tartt,9781400031696
The Remains of the Day,Kazuo Ishiguro,9780679731726
Klara and the Sun,Kazuo Ishiguro,9780593318171
Rules of Civility,Amor Towles,9780143121169
The Lincoln Highway,Amor Towles,9780735222359
A Man Called Ove,Fredrik Backman,9781476738024
Anxious People,Fredrik Backman,9781501160844
Beartown,Fredrik Backman,9781501160776
Station Eleven,Emily St. John Mandel,9780804172448
Sea of Tranquility,Emily St. John Mandel,9780593321447
The Underground Railroad,Colson Whitehead,9780385542364
The Nickel Boys,Colson Whitehead,9780385537070
White Teeth,Zadie Smith,9780375703867
On Beauty,Zadie Smith,9780143037743
Americanah,Chimamanda Ngozi Adichie,9780307455925
Interpreter of Maladies,Jhumpa Lahiri,9780395927205
The Kite Runner,Khaled Hosseini,9781594631931
A Thousand Splendid Suns,Khaled Hosseini,9781594489501
My Brilliant Friend,Elena Ferrante,9781609450786
Norwegian Wood,Haruki Murakami,9780375704024
Kafka on the Shore,Haruki Murakami,9781400079278
The Wind-Up Bird Chronicle,Haruki Murakami,9780679775430
1Q84,Haruki Murakami,9780307593313
All the Light We Cannot See,Anthony Doerr,9781476746586
Cloud Cuckoo Land,Anthony Doerr,9781982168438
The Overstory,Richard Powers,9780393635522
Demon Copperhead,Barbara Kingsolver,9780063251922
The Poisonwood Bible,Barbara Kingsolver,9780060786502
"Tomorrow, and Tomorrow, and Tomorrow",Gabrielle Zevin,9780593321201
The Seven Husbands of Evelyn Hugo,Taylor Jenkins Reid,9781501161933
Daisy Jones & The Six,Taylor Jenkins Reid,9781524798628
Conversations with Friends,Sally Rooney,9780451499059
"Beautiful World, Where Are You",Sally Rooney,9780374602604
A Little Life,Hanya Yanagihara,9780804172707
The Corrections,Jonathan Franzen,9780312421274
Lincoln in the Bardo,George Saunders,9780812995343
Pachinko,Min Jin Lee,9781455563937
Shuggie Bain,Douglas Stuart,9780802148049
Foundation,Isaac Asimov,9780553293357
Foundation and Empire,Isaac Asimov,9780553293371
Second Foundation,Isaac Asimov,9780553293364
"I, Robot",Isaac Asimov,9780553382563
2001: A Space Odyssey,Arthur C. Clarke,9780451457998
Rendezvous with Rama,Arthur C. Clarke,9780553287899
Childhood's End,Arthur C. Clarke,9780345347954
Stranger in a Strange Land,Robert A. Heinlein,9780441788385
Starship Troopers,Robert A. Heinlein,9780441783588
Do Androids Dream of Electric Sheep?,Philip K. Dick,9780345404473
The Man in the High Castle,Philip K. Dick,9780547572482
Ubik,Philip K. Dick,9780547572291
Children of Dune,Frank Herbert,9780441104024
Count Zero,William Gibson,9780441013678
Mona Lisa Overdrive,William Gibson,9780553281743
Snow Crash,Neal Stephenson,9780553380958
The Diamond Age,Neal Stephenson,9780553380965
Cryptonomicon,Neal Stephenson,9780060512804
Anathem,Neal Stephenson,9780061474095
The Left Hand of Darkness,Ursula K. Le Guin,9780441478125
The Dispossessed,Ursula K. Le Guin,9780060512750
Speaker for the Dead,Orson Scott Card,9780812550757
Xenocide,Orson Scott Card,9780812509250
The Three-Body Problem,Cixin Liu,9780765382030
The Dark Forest,Cixin Liu,9780765386694
Death's End,Cixin Liu,9780765386632
The Martian,Andy Weir,9780553418026
Project Hail Mary,Andy Weir,9780593135204
Stories of Your Life and Others,Ted Chiang,9781101972120
Exhalation,Ted Chiang,9781101972083
Redshirts,John Scalzi,9780765334794
Leviathan Wakes,James S.A. Corey,9780316129084
Caliban's War,James S.A. Corey,9780316129060
Abaddon's Gate,James S.A. Corey,9780316129077
Hyperion,Dan Simmons,9780553283686
The Fall of Hyperion,Dan Simmons,9780553288209
Kindred,Octavia E. Butler,9780807083697
Parable of the Sower,Octavia E. Butler,9780446675505
Dawn,Octavia E. Butler,9780446603775
The Player of Games,Iain M. Banks,9780316005401
All Systems Red,Martha Wells,9780765397539
Artificial Condition,Martha Wells,9781250186928
Red Mars,Kim Stanley Robinson,9780553560732
Green Mars,Kim Stanley Robinson,9780553572391
Blue Mars,Kim Stanley Robinson,9780553573350
The Ministry for the Future,Kim Stanley Robinson,9780316300148
The Forever War,Joe Haldeman,9780312536633
A Canticle for Leibowitz,Walter M. Miller Jr.,9780060892999
Solaris,Stanislaw Lem,9780156027601
Ancillary Justice,Ann Leckie,9780316246620
A Deepness in the Sky,Vernor Vinge,9780812536355
Children of Time,Adrian Tchaikovsky,9780316452502
Blindsight,Peter Watts,9780765319647
The Fellowship of the Ring,J.R.R. Tolkien,9780547928210
The Two Towers,J.R.R. Tolkien,9780547928203
The Return of the King,J.R.R. Tolkien,9780547928197
A Game of Thrones,George R.R. Martin,9780553573404
A Clash of Kings,George R.R. Martin,9780553579901
A Storm of Swords,George R.R. Martin,9780553573428
A Feast for Crows,George R.R. Martin,9780553582024
A Dance with Dragons,George R.R. Martin,9780553582017
Fire & Blood,George R.R. Martin,9781524796280
The Eye of the World,Robert Jordan,9780812511819
The Great Hunt,Robert Jordan,9780812517729
The Dragon Reborn,Robert Jordan,9780812513714
The Shadow Rising,Robert Jordan,9780812513738
The Final Empire,Brandon Sanderson,9780765350381
The Well of Ascension,Brandon Sanderson,9780765356130
The Hero of Ages,Brandon Sanderson,9780765356147
The Way of Kings,Brandon Sanderson,9780765365279
Words of Radiance,Brandon Sanderson,9780765365286
Oathbringer,Brandon Sanderson,9780765365293
Rhythm of War,Brandon Sanderson,9780765326386
Elantris,Brandon Sanderson,9780765350374
Warbreaker,Brandon Sanderson,9780765360038
The Name of the Wind,Patrick Rothfuss,9780756404741
The Wise Man's Fear,Patrick Rothfuss,9780756407919
A Wizard of Earthsea,Ursula K. Le Guin,9780547773742
American Gods,Neil Gaiman,9780060558123
Good Omens,Neil Gaiman and Terry Pratchett,9780060853983
The Color of Magic,Terry Pratchett,9780062225672
Mort,Terry Pratchett,9780062225719
Guards! Guards!,Terry Pratchett,9780062225757
Small Gods,Terry Pratchett,9780062237378
Assassin's Apprentice,Robin Hobb,9780553573398
Royal Assassin,Robin Hobb,9780553573411
The Blade Itself,Joe Abercrombie,9780316387316
Best Served Cold,Joe Abercrombie,9780316198356
The Lies of Locke Lamora,Scott Lynch,9780553588941
Red Seas Under Red Skies,Scott Lynch,9780553588958
Gardens of the Moon,Steven Erikson,9780765348784
Deadhouse Gates,Steven Erikson,9780765348791
The Fifth Season,N.K. Jemisin,9780316229296
The Obelisk Gate,N.K. Jemisin,9780316229265
The Stone Sky,N.K. Jemisin,9780316229241
Jonathan Strange & Mr Norrell,Susanna Clarke,9781582346038
Piranesi,Susanna Clarke,9781635575637
The Poppy War,R.F. Kuang,9780062662569
The Dragon Republic,R.F. Kuang,9780062662637
Babel,R.F. Kuang,9780063021426
Spinning Silver,Naomi Novik,9780399180989
A Darker Shade of Magic,V.E. Schwab,9780765376459
The Invisible Life of Addie LaRue,V.E. Schwab,9780765387561
The Priory of the Orange Tree,Samantha Shannon,9781635570298
The Murder of Roger Ackroyd,Agatha Christie,9780062073563
Murder on the Orient Express,Agatha Christie,9780062073495
A Study in Scarlet,Arthur Conan Doyle,9780140439083
Gone Girl,Gillian Flynn,9780307588371
Sharp Objects,Gillian Flynn,9780307341556
Dark Places,Gillian Flynn,9780307341570
The Girl with the Dragon Tattoo,Stieg Larsson,9780307949486
The Girl Who Played with Fire,Stieg Larsson,9780307476159
The Silence of the Lambs,Thomas Harris,9780312924584
Red Dragon,Thomas Harris,9780425228227
The Big Sleep,Raymond Chandler,9780394758282
The Long Goodbye,Raymond Chandler,9780394757681
The Maltese Falcon,Dashiell Hammett,9780679722649
The Thin Man,Dashiell Hammett,9780679722632
The Talented Mr. Ripley,Patricia Highsmith,9780393332148
The Spy Who Came in from the Cold,John le Carré,9780143124757
Tinker Tailor Soldier Spy,John le Carré,9780143120933
The Constant Gardener,John le Carré,9780743287203
The Firm,John Grisham,9780440245926
A Time to Kill,John Grisham,9780440245919
The Pelican Brief,John Grisham,9780440245933
Killing Floor,Lee Child,9780515153651
Die Trying,Lee Child,9780515142242
The Lincoln Lawyer,Michael Connelly,9780446616454
Blood Work,Michael Connelly,9780446602624
In the Woods,Tana French,9780143113492
The Likeness,Tana French,9780143115625
Faithful Place,Tana French,9780143119494
The Woman in Cabin 10,Ruth Ware,9781501132957
"In a Dark, Dark Wood",Ruth Ware,9781501112331
The Turn of the Key,Ruth Ware,9781501188787
The Guest List,Lucy Foley,9780062868930
The Hunting Party,Lucy Foley,9780062868916
The Thursday Murder Club,Richard Osman,9781984880987
The Man Who Died Twice,Richard Osman,9781984880994
The Girl on the Train,Paula Hawkins,9781594634024
Magpie Murders,Anthony Horowitz,9780062645234
Presumed Innocent,Scott Turow,9780446359863
Mystic River,Dennis Lehane,9780062068408
Shutter Island,Dennis Lehane,9780061898815
The Day of the Jackal,Frederick Forsyth,9780451239372
It,Stephen King,9781501142970
Carrie,Stephen King,9780307743664
Misery,Stephen King,9781501156748
Pet Sematary,Stephen King,9781501156700
The Stand,Stephen King,9780307743688
Salem's Lot,Stephen King,9780307743671
Doctor Sleep,Stephen King,9781451698855
The Haunting of Hill House,Shirley Jackson,9780143039983
Interview with the Vampire,Anne Rice,9780345337665
The Vampire Lestat,Anne Rice,9780345313867
At the Mountains of Madness,H.P. Lovecraft,9780812974416
The Call of Cthulhu and Other Weird Stories,H.P. Lovecraft,9780141182346
I Am Legend,Richard Matheson,9780765318749
The Exorcist,William Peter Blatty,9780061007224
The Stepford Wives,Ira Levin,9780060080846
Something Wicked This Way Comes,Ray Bradbury,9780380729401
Bird Box,Josh Malerman,9780062259660
A Head Full of Ghosts,Paul Tremblay,9780062363251
The Cabin at the End of the World,Paul Tremblay,9780062679116
Heart-Shaped Box,Joe Hill,9780061147937
Horns,Joe Hill,9780061147968
Let the Right One In,John Ajvide Lindqvist,9780312355296
House of Leaves,Mark Z. Danielewski,9780375703768
The Pillars of the Earth,Ken Follett,9780451166890
World Without End,Ken Follett,9780451228376
A Column of Fire,Ken Follett,9780525954972
Wolf Hall,Hilary Mantel,9780312429980
Bring Up the Bodies,Hilary Mantel,9781250024176
"I, Claudius",Robert Graves,9780679724773
Shogun,James Clavell,9780440178002
Tai-Pan,James Clavell,9780440184621
Gates of Fire,Steven Pressfield,9780553580532
Master and Commander,Patrick O'Brian,9780393307054
Post Captain,Patrick O'Brian,9780393307061
The Nightingale,Kristin Hannah,9781250080400
The Four Winds,Kristin Hannah,9781250178602
The Book Thief,Markus Zusak,9780375842207
The Last Kingdom,Bernard Cornwell,9780060887186
The Name of the Rose,Umberto Eco,9780544176560
Foucault's Pendulum,Umberto Eco,9780156032971
Sarum,Edward Rutherfurd,9780449000724
London,Edward Rutherfurd,9780449002636
The Persian Boy,Mary Renault,9780394751016
The King Must Die,Mary Renault,9780394751047
All Quiet on the Western Front,Erich Maria Remarque,9780449213940
Doctor Zhivago,Boris Pasternak,9780307390950
The English Patient,Michael Ondaatje,9780679745204
Beach Read,Emily Henry,9781984806734
People We Meet on Vacation,Emily Henry,9781984806758
Book Lovers,Emily Henry,9780593440872
Happy Place,Emily Henry,9780593441275
It Ends with Us,Colleen Hoover,9781501110368
It Starts with Us,Colleen Hoover,9781668001226
Verity,Colleen Hoover,9781538724736
One Last Stop,Casey McQuiston,9781250244499
The Love Hypothesis,Ali Hazelwood,9780593336823
Love on the Brain,Ali Hazelwood,9780593336847
Outlander,Diana Gabaldon,9780440212560
Dragonfly in Amber,Diana Gabaldon,9780440215622
The Notebook,Nicholas Sparks,9780446605236
A Walk to Remember,Nicholas Sparks,9780446608954
Me Before You,Jojo Moyes,9780143124542
The Duke and I,Julia Quinn,9780062353597
The Hating Game,Sally Thorne,9780062439598
The Unhoneymooners,Christina Lauren,9781501128035
The Kiss Quotient,Helen Hoang,9780451490803
"Get a Life, Chloe Brown",Talia Hibbert,9780062941206
"Take a Hint, Dani Brown",Talia Hibbert,9780062941237
The Hunger Games,Suzanne Collins,9780439023528
Catching Fire,Suzanne Collins,9780439023498
Mockingjay,Suzanne Collins,9780439023511
The Ballad of Songbirds and Snakes,Suzanne Collins,9781338635171
The Fault in Our Stars,John Green,9780525478812
Looking for Alaska,John Green,9780142402511
Paper Towns,John Green,9780142414934
The Lightning Thief,Rick Riordan,9780786838653
The Sea of Monsters,Rick Riordan,9780786856862
The Battle of the Labyrinth,Rick Riordan,9781423101499
The Last Olympian,Rick Riordan,9781423101475
Divergent,Veronica Roth,9780062024039
Insurgent,Veronica Roth,9780062024046
Allegiant,Veronica Roth,9780062024060
Shadow and Bone,Leigh Bardugo,9781250027436
Six of Crows,Leigh Bardugo,9781627792127
Crooked Kingdom,Leigh Bardugo,9781627792134
A Court of Thorns and Roses,Sarah J. Maas,9781619634442
The Wind in the Willows,Kenneth Grahame,9780143039099
Pippi Longstocking,Astrid Lindgren,9780140309577
"Are You There God? It's Me, Margaret",Judy Blume,9781481409933
Bridge to Terabithia,Katherine Paterson,9780064401845
Tuck Everlasting,Natalie Babbitt,9780312369811
Island of the Blue Dolphins,Scott O'Dell,9780547328614
From the Mixed-Up Files of Mrs. Basil E. Frankweiler,E.L. Konigsburg,9780689711817
Number the Stars,Lois Lowry,9780547577098
Steve Jobs,Walter Isaacson,9781451648539
Leonardo da Vinci,Walter Isaacson,9781501139154
Benjamin Franklin: An American Life,Walter Isaacson,9780684807614
Alexander Hamilton,Ron Chernow,9780143034759
"Titan: The Life of John D. Rockefeller, Sr.",Ron Chernow,9781400077304
Washington: A Life,Ron Chernow,9780143119968
Grant,Ron Chernow,9781594204876
The Diary of a Young Girl,Anne Frank,9780553296983
I Know Why the Caged Bird Sings,Maya Angelou,9780345514400
Becoming,Michelle Obama,9781524763138
A Promised Land,Barack Obama,9781524763169
Dreams from My Father,Barack Obama,9781400082773
Educated,Tara Westover,9780525510673
Born a Crime,Trevor Noah,9780399588174
When Breath Becomes Air,Paul Kalanithi,9780812988406
The Glass Castle,Jeannette Walls,9780743247542
The Autobiography of Malcolm X,Malcolm X and Alex Haley,9780345350688
Long Walk to Freedom,Nelson Mandela,9780316548182
Elon Musk,Ashlee Vance,9780062301239
John Adams,David McCullough,9780684813639
Truman,David McCullough,9780671869205
The Power Broker,Robert A. Caro,9780394720241
Night,Elie Wiesel,9780374500016
The Year of Magical Thinking,Joan Didion,9781400078431
Slouching Towards Bethlehem,Joan Didion,9780374521721
Just Kids,Patti Smith,9780060936228
Wild,Cheryl Strayed,9780307476074
Crying in H Mart,Michelle Zauner,9780525657743
Open,Andre Agassi,9780307388407
Can't Hurt Me,David Goggins,9781544512273
Kitchen Confidential,Anthony Bourdain,9780060934910
Collapse,Jared Diamond,9780143117001
Homo Deus,Yuval Noah Harari,9780062464316
21 Lessons for the 21st Century,Yuval Noah Harari,9780525512172
The Guns of August,Barbara W. Tuchman,9780345476098
A Distant Mirror,Barbara W. Tuchman,9780345349576
The Devil in the White City,Erik Larson,9780375725609
In the Garden of Beasts,Erik Larson,9780307408853
The Splendid and the Vile,Erik Larson,9780385348713
Killers of the Flower Moon,David Grann,9780385534246
The Lost City of Z,David Grann,9780385513531
The Wager,David Grann,9780385534260
Into Thin Air,Jon Krakauer,9780385494786
Into the Wild,Jon Krakauer,9780385486804
Under the Banner of Heaven,Jon Krakauer,9781400032808
A People's History of the United States,Howard Zinn,9780060838652
Caste: The Origins of Our Discontents,Isabel Wilkerson,9780593230251
Bloodlands: Europe Between Hitler and Stalin,Timothy Snyder,9780465031474
On Tyranny,Timothy Snyder,9780804190114
The Silk Roads,Peter Frankopan,9781101912379
D-Day: The Battle for Normandy,Antony Beevor,9780143118183
The Second World War,Antony Beevor,9780316023740
Postwar: A History of Europe Since 1945,Tony Judt,9780143037750
1776,David McCullough,9780743226721
The Wright Brothers,David McCullough,9781476728759
The Rise and Fall of the Third Reich,William L. Shirer,9781451651683
Bury My Heart at Wounded Knee,Dee Brown,9780805086843
Say Nothing: A True Story of Murder and Memory in Northern Ireland,Patrick Radden Keefe,9780385521314
Empire of Pain,Patrick Radden Keefe,9780385545686
Midnight in Chernobyl,Adam Higginbotham,9781501134616
The Republic,Plato,9780140455113
The Symposium,Plato,9780140449273
The Last Days of Socrates,Plato,9780140455496
Nicomachean Ethics,Aristotle,9780140449495
Politics,Aristotle,9780140444216
Letters from a Stoic,Seneca,9780140442106
Discourses and Selected Writings,Epictetus,9780140449464
The Prince,Niccolò Machiavelli,9780140449150
Leviathan,Thomas Hobbes,9780140431957
Meditations on First Philosophy,René Descartes,9780872201927
Ethics,Benedict de Spinoza,9780140435719
Two Treatises of Government,John Locke,9780521357302
An Enquiry Concerning Human Understanding,David Hume,9780199549900
The Social Contract,Jean-Jacques Rousseau,9780140442014
Critique of Pure Reason,Immanuel Kant,9780521657297
The World as Will and Representation,Arthur Schopenhauer,9780486217611
Fear and Trembling,Søren Kierkegaard,9780140444490
The Sickness Unto Death,Søren Kierkegaard,9780140445336
Beyond Good and Evil,Friedrich Nietzsche,9780140449235
Thus Spoke Zarathustra,Friedrich Nietzsche,9780140441185
On the Genealogy of Morals,Friedrich Nietzsche,9780679724629
The Gay Science,Friedrich Nietzsche,9780394719856
On Liberty,John Stuart Mill,9780140432077
Utilitarianism,John Stuart Mill,9780872206052
The Communist Manifesto,Karl Marx and Friedrich Engels,9780140447576
Being and Nothingness,Jean-Paul Sartre,9780671867805
The Second Sex,Simone de Beauvoir,9780307265562
Philosophical Investigations,Ludwig Wittgenstein,9781405159289
A History of Western Philosophy,Bertrand Russell,9780671201586
The Problems of Philosophy,Bertrand Russell,9780195115529
Discipline and Punish,Michel Foucault,9780679752554
The Order of Things,Michel Foucault,9780679753353
Justice: What's the Right Thing to Do?,Michael J. Sandel,9780374532505
The Daily Stoic,Ryan Holiday and Stephen Hanselman,9780735211735
The Man Who Mistook His Wife for a Hat,Oliver Sacks,9780684853949
Awakenings,Oliver Sacks,9780375704055
Musicophilia,Oliver Sacks,9781400033539
Man's Search for Meaning,Viktor E. Frankl,9780807014295
Influence: The Psychology of Persuasion,Robert B. Cialdini,9780061241895
Pre-Suasion: A Revolutionary Way to Influence and Persuade,Robert B. Cialdini,9781501109805
Mindset: The New Psychology of Success,Carol S. Dweck,9780345472328
Grit: The Power of Passion and Perseverance,Angela Duckworth,9781501111105
Drive: The Surprising Truth About What Motivates Us,Daniel H. Pink,9781594484803
When: The Scientific Secrets of Perfect Timing,Daniel H. Pink,9780735210622
Flow: The Psychology of Optimal Experience,Mihaly Csikszentmihalyi,9780061339202
The Body Keeps the Score,Bessel van der Kolk,9780143127741
Quiet: The Power of Introverts in a World That Can't Stop Talking,Susan Cain,9780307352156
The Righteous Mind: Why Good People Are Divided by Politics and Religion,Jonathan Haidt,9780307455772
The Happiness Hypothesis,Jonathan Haidt,9780465028023
The Anxious Generation,Jonathan Haidt,9780593655030
Think Again: The Power of Knowing What You Don't Know,Adam Grant,9781984878106
Originals: How Non-Conformists Move the World,Adam Grant,9780143128854
Predictably Irrational,Dan Ariely,9780061353246
The Upside of Irrationality,Dan Ariely,9780061995040
Emotional Intelligence,Daniel Goleman,9780553383713
Social Intelligence,Daniel Goleman,9780553384499
Daring Greatly,Brené Brown,9781592408412
The Gifts of Imperfection,Brené Brown,9781592858491
Cosmos,Carl Sagan,9780345539434
Pale Blue Dot,Carl Sagan,9780345376596
The Demon-Haunted World: Science as a Candle in the Dark,Carl Sagan,9780345409461
"Surely You're Joking, Mr. Feynman!",Richard P. Feynman,9780393316049
What Do You Care What Other People Think?,Richard P. Feynman,9780393320923
Six Easy Pieces,Richard P. Feynman,9780465025275
The Selfish Gene,Richard Dawkins,9780198788607
The Blind Watchmaker,Richard Dawkins,9780393351491
The God Delusion,Richard Dawkins,9780618918249
The Elegant Universe,Brian Greene,9780393058581
The Fabric of the Cosmos,Brian Greene,9780375727207
Seven Brief Lessons on Physics,Carlo Rovelli,9780399184413
The Order of Time,Carlo Rovelli,9780735216105
Astrophysics for People in a Hurry,Neil deGrasse Tyson,9780393609394
The Emperor of All Maladies: A Biography of Cancer,Siddhartha Mukherjee,9781439170915
The Gene: An Intimate History,Siddhartha Mukherjee,9781476733524
The Song of the Cell,Siddhartha Mukherjee,9781982117351
The Immortal Life of Henrietta Lacks,Rebecca Skloot,9781400052189
A Short History of Nearly Everything,Bill Bryson,9780767908184
The Body: A Guide for Occupants,Bill Bryson,9780385539302
Why We Sleep: Unlocking the Power of Sleep and Dreams,Matthew Walker,9781501144325
Silent Spring,Rachel Carson,9780618249060
The Double Helix,James D. Watson,9780743216302
The Sixth Extinction: An Unnatural History,Elizabeth Kolbert,9781250062185
The Origin of Species,Charles Darwin,9780140432053
The Voyage of the Beagle,Charles Darwin,9780140432688
Entangled Life,Merlin Sheldrake,9780525510314
"Gödel, Escher, Bach: An Eternal Golden Braid",Douglas R. Hofstadter,9780465026562
The Structure of Scientific Revolutions,Thomas S. Kuhn,9780226458120
Chaos: Making a New Science,James Gleick,9780143113454
"The Information: A History, a Theory, a Flood",James Gleick,9781400096237
I Am a Strange Loop,Douglas R. Hofstadter,9780465030798
The Mythical Man-Month,Frederick P. Brooks Jr.,9780201835953
Clean Code,Robert C. Martin,9780132350884
The Clean Coder,Robert C. Martin,9780137081073
Clean Architecture,Robert C. Martin,9780134494166
The Pragmatic Programmer,David Thomas and Andrew Hunt,9780135957059
Design Patterns,"Erich Gamma, Richard Helm, Ralph Johnson, John Vlissides",9780201633610
Refactoring: Improving the Design of Existing Code,Martin Fowler,9780134757599
Code Complete,Steve McConnell,9780735619678
Structure and Interpretation of Computer Programs,Harold Abelson and Gerald Jay Sussman,9780262510875
The Phoenix Project,"Gene Kim, Kevin Behr, George Spafford",9780988262591
The DevOps Handbook,"Gene Kim, Jez Humble, Patrick Debois, John Willis",9781942788003
Accelerate,"Nicole Forsgren, Jez Humble, Gene Kim",9781942788331
Designing Data-Intensive Applications,Martin Kleppmann,9781449373320
Zero to One,Peter Thiel and Blake Masters,9780804139298
Good to Great,Jim Collins,9780066620992
Built to Last,Jim Collins and Jerry I. Porras,9780060516406
The Innovator's Dilemma,Clayton M. Christensen,9781633691780
Principles: Life and Work,Ray Dalio,9781501124020
The Hard Thing About Hard Things,Ben Horowitz,9780062273208
Shoe Dog: A Memoir by the Creator of Nike,Phil Knight,9781501135927
Bad Blood: Secrets and Lies in a Silicon Valley Startup,John Carreyrou,9781524731656
The Big Short,Michael Lewis,9780393338829
Moneyball,Michael Lewis,9780393324815
Flash Boys,Michael Lewis,9780393351590
Liar's Poker,Michael Lewis,9780393027501
The Intelligent Investor,Benjamin Graham,9780060555665
The Psychology of Money,Morgan Housel,9780857197689
The Black Swan: The Impact of the Highly Improbable,Nassim Nicholas Taleb,9781400063512
Fooled by Randomness,Nassim Nicholas Taleb,9780812975215
Antifragile: Things That Gain from Disorder,Nassim Nicholas Taleb,9781400067824
Skin in the Game,Nassim Nicholas Taleb,9780425284629
Freakonomics,Steven D. Levitt and Stephen J. Dubner,9780060731335
SuperFreakonomics,Steven D. Levitt and Stephen J. Dubner,9780060889579
Capital in the Twenty-First Century,Thomas Piketty,9780674430006
The Wealth of Nations,Adam Smith,9780140436150
"The General Theory of Employment, Interest, and Money",John Maynard Keynes,9780156347112
The Road to Serfdom,F.A. Hayek,9780226320557
Thinking in Bets,Annie Duke,9780735216358
Atomic Habits,James Clear,9780735211292
Deep Work,Cal Newport,9781455586691
So Good They Can't Ignore You,Cal Newport,9781455509126
Digital Minimalism,Cal Newport,9780525536512
Slow Productivity,Cal Newport,9780593544853
The 7 Habits of Highly Effective People,Stephen R. Covey,9781982137274
Getting Things Done: The Art of Stress-Free Productivity,David Allen,9780143126560
The 4-Hour Workweek,Timothy Ferriss,9780307465351
The Subtle Art of Not Giving a F*ck,Mark Manson,9780062457714
Everything Is F*cked: A Book About Hope,Mark Manson,9780062888433
How to Win Friends and Influence People,Dale Carnegie,9780671027032
Think and Grow Rich,Napoleon Hill,9781585424337
The 48 Laws of Power,Robert Greene,9780140280197
Mastery,Robert Greene,9780143124177
The Laws of Human Nature,Robert Greene,9780525428145
Ego Is the Enemy,Ryan Holiday,9781591847816
The Obstacle Is the Way,Ryan Holiday,9781591846352
Stillness Is the Key,Ryan Holiday,9780525538585
Courage Is Calling,Ryan Holiday,9780593191675
The Four Agreements,Don Miguel Ruiz,9781878424310
Essentialism: The Disciplined Pursuit of Less,Greg McKeown,9780804137386
Effortless: Make It Easier to Do What Matters Most,Greg McKeown,9780593135648
Make Time: How to Focus on What Matters Every Day,Jake Knapp and John Zeratsky,9780525572428
Tiny Habits: The Small Changes That Change Everything,BJ Fogg,9780358003328
Four Thousand Weeks: Time Management for Mortals,Oliver Burkeman,9780374159122
The Antidote: Happiness for People Who Can't Stand Positive Thinking,Oliver Burkeman,9780865478015
The Origins of Totalitarianism,Hannah Arendt,9780156701532
Eichmann in Jerusalem: A Report on the Banality of Evil,Hannah Arendt,9780143039884
The Human Condition,Hannah Arendt,9780226025988
Democracy in America,Alexis de Tocqueville,9780140447606
The Wretched of the Earth,Frantz Fanon,9780802141323
"Black Skin, White Masks",Frantz Fanon,9780802143006
Orientalism,Edward W. Said,9780394740676
Manufacturing Consent: The Political Economy of the Mass Media,Edward S. Herman and Noam Chomsky,9780375714498
Basic Economics,Thomas Sowell,9780465060733
The End of History and the Last Man,Francis Fukuyama,9780743284554
The Origins of Political Order,Francis Fukuyama,9780374533229
Political Order and Political Decay,Francis Fukuyama,9780374535629
The Better Angels of Our Nature,Steven Pinker,9780143122012
"Enlightenment Now: The Case for Reason, Science, Humanism, and Progress",Steven Pinker,9780525427575
The Blank Slate: The Modern Denial of Human Nature,Steven Pinker,9780142003343
Between the World and Me,Ta-Nehisi Coates,9780812993547
The New Jim Crow: Mass Incarceration in the Age of Colorblindness,Michelle Alexander,9781595586438
Evicted: Poverty and Profit in the American City,Matthew Desmond,9780553447453
"Poverty, by America",Matthew Desmond,9780593239919
"Why Nations Fail: The Origins of Power, Prosperity, and Poverty",Daron Acemoglu and James A. Robinson,9780307719225
The Narrow Corridor,Daron Acemoglu and James A. Robinson,9780735224407
How Democracies Die,Steven Levitsky and Daniel Ziblatt,9781524762940
The Clash of Civilizations and the Remaking of World Order,Samuel P. Huntington,9781451628975
The Tipping Point,Malcolm Gladwell,9780316346627
Blink: The Power of Thinking Without Thinking,Malcolm Gladwell,9780316010665
Outliers: The Story of Success,Malcolm Gladwell,9780316017930
David and Goliath,Malcolm Gladwell,9780316204378
Talking to Strangers,Malcolm Gladwell,9780316478526
The Omnivore's Dilemma: A Natural History of Four Meals,Michael Pollan,9780143038580
In Defense of Food: An Eater's Manifesto,Michael Pollan,9780143114963
How to Change Your Mind,Michael Pollan,9781594204227
Cooked: A Natural History of Transformation,Michael Pollan,9781594204210
The Botany of Desire,Michael Pollan,9780375760396
The Perfect Storm,Sebastian Junger,9780393337013
War,Sebastian Junger,9780446556248
Tribe: On Homecoming and Belonging,Sebastian Junger,9781455566389
Notes from a Small Island,Bill Bryson,9780380727506
At Home: A Short History of Private Life,Bill Bryson,9780767919395
"One Summer: America, 1927",Bill Bryson,9780767919418
In a Sunburned Country,Bill Bryson,9780767903868
Quiet Leadership,David Rock,9780060835903
Just Mercy: A Story of Justice and Redemption,Bryan Stevenson,9780812984965
Factfulness: Ten Reasons We're Wrong About the World,Hans Rosling,9781250107817
Range: Why Generalists Triumph in a Specialized World,David Epstein,9780735214484
Walden,Henry David Thoreau,9780140390445
The Waste Land,T.S. Eliot,9780156948777
The Canterbury Tales,Geoffrey Chaucer,9780140424386
Beowulf,Seamus Heaney,9780393320978
Essays,Michel de Montaigne,9780140446043
Common Sense,Thomas Paine,9780140390162
Self-Reliance and Other Essays,Ralph Waldo Emerson,9780486277905
Medea,Euripides,9780140441291
Tartuffe,Molière,9780156881807
Waiting for Godot,Samuel Beckett,9780802144423
Endgame,Samuel Beckett,9780802144393
The Importance of Being Earnest,Oscar Wilde,9780486264783
Death of a Salesman,Arthur Miller,9780140481341
The Crucible,Arthur Miller,9780142437339
A Streetcar Named Desire,Tennessee Williams,9780811216029
The Glass Menagerie,Tennessee Williams,9780811214049
Dune Messiah,Frank Herbert,9780593098233
God Emperor of Dune,Frank Herbert,9780593098257
Seveneves,Neal Stephenson,9780062190376
A Fire Upon the Deep,Vernor Vinge,9780312851828
Matter,Iain M. Banks,9780316005364
Surface Detail,Iain M. Banks,9780316123402
The Hydrogen Sonata,Iain M. Banks,9780316212366
Revelation Space,Alastair Reynolds,9780441009428
Chasm City,Alastair Reynolds,9780441010646
Perdido Street Station,China Miéville,9780345459404
The Scar,China Miéville,9780345460011
Iron Council,China Miéville,9780345458421
Embassytown,China Miéville,9780345524508
Red Rising,Pierce Brown,9780345539786
Golden Son,Pierce Brown,9780345539816
Morning Star,Pierce Brown,9780345539847
Iron Gold,Pierce Brown,9780425285916
Dark Age,Pierce Brown,9780425285947
Light Bringer,Pierce Brown,9780425285978
A Desolation Called Peace,Arkady Martine,9781250186461
Gideon the Ninth,Tamsyn Muir,9781250313188
Harrow the Ninth,Tamsyn Muir,9781250313225
Nona the Ninth,Tamsyn Muir,9781250854117
Legends & Lattes,Travis Baldree,9781250886088
The Witness for the Dead,Katherine Addison,9780765387424
The Grief of Stones,Katherine Addison,9781250813893
The House in the Cerulean Sea,TJ Klune,9781250217288
Under the Whispering Door,TJ Klune,9781250217349
In the Lives of Puppets,TJ Klune,9781250217448
The Postman Always Rings Twice,James M. Cain,9780679723257
Double Indemnity,James M. Cain,9780679723226
L.A. Confidential,James Ellroy,9780446674249
The Snowman,Jo Nesbø,9780307742995
The Bat,Jo Nesbø,9780345807090
The Redbreast,Jo Nesbø,9780061133992
Books of Blood,Clive Barker,9780425165584
Weaveworld,Clive Barker,9780743417358
Imajica,Clive Barker,9780060937263
Swan Song,Robert R. McCammon,9781439156735
Watchers,Dean Koontz,9780425188804
Intensity,Dean Koontz,9780345533371
Phantoms,Dean Koontz,9780425181102
Odd Thomas,Dean Koontz,9780553584493
Stiff: The Curious Lives of Human Cadavers,Mary Roach,9780393324822
Bonk: The Curious Coupling of Science and Sex,Mary Roach,9780393334791
Gulp: Adventures on the Alimentary Canal,Mary Roach,9780393348743
Fuzz: When Nature Breaks the Law,Mary Roach,9781324036128
Complications: A Surgeon's Notes on an Imperfect Science,Atul Gawande,9780312421700
Better: A Surgeon's Notes on Performance,Atul Gawande,9780312427658
The Checklist Manifesto: How to Get Things Right,Atul Gawande,9780312430009
Being Mortal: Medicine and What Matters in the End,Atul Gawande,9781250076229
The Professor and the Madman,Simon Winchester,9780060839789
Krakatoa: The Day the World Exploded,Simon Winchester,9780060838591
Cod: A Biography of the Fish That Changed the World,Mark Kurlansky,9780140275018
Salt: A World History,Mark Kurlansky,9780142001615
The Diversity of Life,Edward O. Wilson,9780393319408
The Social Conquest of Earth,Edward O. Wilson,9780871403636
Letters to a Young Scientist,Edward O. Wilson,9780871403858
The Panda's Thumb,Stephen Jay Gould,9780393308198
The Mismeasure of Man,Stephen Jay Gould,9780393314250
Wonderful Life: The Burgess Shale and the Nature of History,Stephen Jay Gould,9780393307009
Are We Smart Enough to Know How Smart Animals Are?,Frans de Waal,9780393353662
Mama's Last Hug: Animal Emotions and What They Tell Us about Ourselves,Frans de Waal,9780393357837
Life on Earth,David Attenborough,9780008294281
A Life on Our Planet: My Witness Statement and a Vision for the Future,David Attenborough,9781538719985
Rubicon: The Last Years of the Roman Republic,Tom Holland,9781400078974
Millennium: The End of the World and the Forging of Christendom,Tom Holland,9780349119724
Dynasty: The Rise and Fall of the House of Caesar,Tom Holland,9780385537841
SPQR: A History of Ancient Rome,Mary Beard,9781631492228
The Roman Triumph,Mary Beard,9780674032187
Twelve Caesars: Images of Power from the Ancient World to the Modern,Mary Beard,9780691222363
Alexander the Great,Robin Lane Fox,9780141020761
The Classical World: An Epic History from Homer to Hadrian,Robin Lane Fox,9780465024971
Gorbachev: His Life and Times,William Taubman,9780393647013
Khrushchev: The Man and His Era,William Taubman,9780393324846
Stalin: The Court of the Red Tsar,Simon Sebag Montefiore,9781400076789
Young Stalin,Simon Sebag Montefiore,9781400096138
Jerusalem: The Biography,Simon Sebag Montefiore,9780307280503
The Romanovs: 1613-1918,Simon Sebag Montefiore,9780307280510
The War of the Worlds,H.G. Wells,9780141441030
The Island of Doctor Moreau,H.G. Wells,9780141441023
Around the World in Eighty Days,Jules Verne,9780140449068
Journey to the Centre of the Earth,Jules Verne,9780141441979
The Three Musketeers,Alexandre Dumas,9780140440256
The Man in the Iron Mask,Alexandre Dumas,9780199537259
Notre-Dame of Paris,Victor Hugo,9780140443530
Gargantua and Pantagruel,François Rabelais,9780140445503
The Prince and the Pauper,Mark Twain,9780140436693
Northanger Abbey,Jane Austen,9780141439792
Mansfield Park,Jane Austen,9780141439808
Silas Marner,George Eliot,9780141439754
The Mill on the Floss,George Eliot,9780141439624
Far from the Madding Crowd,Thomas Hardy,9780141439655
The Mayor of Casterbridge,Thomas Hardy,9780141439785
Jude the Obscure,Thomas Hardy,9780140435382
Lady Chatterley's Lover,D.H. Lawrence,9780141441498
Sons and Lovers,D.H. Lawrence,9780141441443
Women in Love,D.H. Lawrence,9780141441542
The Rainbow,D.H. Lawrence,9780141441382
