isbn,genres
9780141439518,classics;romance
9780141439556,classics;romance
9780141441146,classics;romance
9780141439600,classics;historical-fiction
9780743273565,classics;literary-fiction
9780061120084,classics;historical-fiction
9780451524935,dystopian;classics
9780451526342,dystopian;classics
9780547928227,epic-fantasy;fantasy;adventure
9780441172719,space-opera;science-fiction
9780441569595,science-fiction;dystopian
9780345391803,science-fiction;humor
9780812550702,space-opera;science-fiction
9780060850524,dystopian;classics
9780307743657,horror;thriller
9780062073488,mystery;classics
9780062315007,magical-realism;fantasy
9780060883287,magical-realism;literary-fiction
9781400033416,magical-realism;literary-fiction
9780385490818,dystopian;science-fiction
9780140268867,poetry;classics
9780140449266,adventure;classics
9780140449334,philosophy;classics
9780553380163,science
9780062316097,history;science
9780812981605,psychology;self-help
9780374533557,psychology;science
9780142410370,children
9780061124952,children
9780156012195,children;fantasy
9780307387899,dystopian;literary-fiction
9780439554930,children;fantasy
9780307887443,science-fiction;adventure
9780060764890,children;fantasy
9780142000670,classics;literary-fiction
9780739326220,historical-fiction
9780385732550,dystopian;science-fiction
9781416914280,urban-fantasy;fantasy
9780060513030,poetry;children
9780439244190,children;classics
9780099408390,children
9780385517232,thriller
9780684830490,classics;literary-fiction
9780451525260,classics;historical-fiction
9780525421030,young-adult
9780452287020,historical-fiction
9780141382890,young-adult;fantasy
9780964729230,religion-spirituality
9780786817870,children
9780375826696,epic-fantasy;fantasy
9780312863555,space-opera;science-fiction
9780385721790,literary-fiction;historical-fiction
9780061125270,children;fantasy
9780385738750,young-adult;dystopian
9780062060563,thriller;mystery
9781250012579,young-adult;contemporary
9780786890750,romance;contemporary
9780525423270,young-adult
9781595141750,urban-fantasy;fantasy
9780007202300,children
9780307279460,travel;humor
9780735221109,thriller
9781400078776,dystopian;literary-fiction
9780743477550,drama;classics
9780525421580,young-adult
9780375869020,children
9780670022410,fantasy;romance
9780689840920,children;adventure
9780590032490,children
9780345505330,historical-fiction;romance
9781567921892,horror
9780061543654,young-adult;romance
9780060838720,contemporary;literary-fiction
9780439321600,children;fantasy
9780061120060,classics;literary-fiction
9780142406250,young-adult;romance
9781844080380,mystery;classics
9780765346520,epic-fantasy;fantasy
9780393354324,history;science
9780525951650,historical-fiction;adventure
9780670024780,historical-fiction
9780141043760,fiction;mystery
9780441014910,urban-fantasy;fantasy
9781406321340,urban-fantasy;fantasy
9780670241330,children
9780316013680,young-adult;contemporary
9780385074070,classics;literary-fiction
9780385335997,historical-fiction;romance
9780743253970,classics;young-adult
9780345418920,science-fiction;humor
9780316769020,fiction;classics
9780375507250,literary-fiction
9780670011940,young-adult;romance
9781416912040,young-adult
9780140544510,children
9780385737944,young-adult;dystopian
9780062409850,historical-fiction;literary-fiction
9780312427733,literary-fiction
9780618391110,epic-fantasy;fantasy
9780061662690,young-adult;urban-fantasy
9780345497512,science-fiction;mystery
9780545123280,young-adult;fantasy
9780671510053,fiction;literary-fiction
9780312348670,romance;contemporary
9780743272490,historical-fiction;romance
9780385335980,historical-fiction;romance
9780385739160,young-adult;fantasy
9780374158460,literary-fiction
9780380813810,humor;religion-spirituality
9780446615860,romance;contemporary
9780142401200,children;mystery
9780060652388,religion-spirituality;memoir
9780763625290,children;fantasy
9780671683900,historical-fiction;adventure
9780345419620,horror
9780689707490,children
9781619630345,young-adult;fantasy
9780689865190,young-adult;poetry
9780425227510,romance;contemporary
9781593081430,classics;literary-fiction
9780375829130,children
9781594483295,literary-fiction
9780142421710,young-adult;dystopian
9780061996160,young-adult;fantasy
9780345457370,historical-fiction;literary-fiction
9780553213140,children
9781619636040,young-adult;fantasy
9781860498800,literary-fiction;historical-fiction
9780451222350,romance;urban-fantasy
9781594200823,science
9780345484260,fantasy
9780330371230,mystery;humor
9780143038092,fiction;historical-fiction
9780671741921,science-fiction;space-opera
9780356500157,science-fiction;horror
9780743296410,fiction;contemporary
9780060566210,children;humor
9780670011100,young-adult;contemporary
9780451528520,classics;literary-fiction
9780064410120,children;humor
9780316068055,science-fiction;romance
9780399162411,young-adult;science-fiction
9780385733410,young-adult;historical-fiction
9780618485222,literary-fiction
9780060278250,young-adult;fantasy
9780141439730,adventure;classics
9780684844770,historical-fiction;literary-fiction
9780395401460,children
9780441627400,epic-fantasy;fantasy
9780812550290,epic-fantasy;fantasy
9780452297548,young-adult
9781857988840,science-fiction;humor
9780765330420,epic-fantasy;fantasy
9780452286030,urban-fantasy;fantasy
9780805093070,history
9781617750250,humor
9780743264730,biography
9780486282220,drama;classics
9780446696630,thriller
9780156031660,historical-fiction;literary-fiction
9780307887894,business
9780689832130,children
9780553565690,epic-fantasy;fantasy
9781594634710,self-help
9780679736370,historical-fiction;literary-fiction
9780441016150,urban-fantasy;fantasy
9780312364120,historical-fiction
9780375822070,children
9780307959850,historical-fiction;mystery
9780385340540,thriller
9780061583070,urban-fantasy;fantasy;romance
9780553119220,mystery;crime
9780345503800,epic-fantasy;fantasy
9780140439120,science;classics
9780142401750,young-adult;romance
9781101904220,science-fiction;thriller
9780060012380,fantasy;humor
9781400043460,memoir
9780385339650,thriller
9780307408860,history;adventure
9780062107060,memoir;history
9780446698870,crime;mystery
9780312864590,epic-fantasy;fantasy
9780440235590,fiction;contemporary
9780345504975,horror;dystopian
9781932416640,historical-fiction;biography
9780062085610,young-adult;fantasy
9780440800460,children;humor
9781416523710,poetry;classics
9780679763970,historical-fiction;romance
9781576737330,religion-spirituality;self-help
9780689867040,young-adult
9780515114690,romance;contemporary
9780743236010,essays;humor
9780553375930,young-adult;contemporary
9780679457312,literary-fiction
9780007151660,mystery;crime
9780060572990,urban-fantasy;fantasy
9780802140180,classics;literary-fiction
9781402241376,historical-fiction;romance
9780061092190,fantasy;humor
9780060577360,children;fantasy
9780140620610,horror;classics
9781408852590,young-adult;fantasy
9780752883540,mystery;crime
9780312367480,children
9780373210510,young-adult;horror
9781439199350,historical-fiction
9780670026630,literary-fiction
9780312984830,urban-fantasy;fantasy;romance
9780312590970,young-adult;fantasy
9781401323257,memoir;self-help
9780749932770,romance;contemporary
9780062200570,horror;thriller
9781416534730,adventure;classics
9780316910330,young-adult;contemporary
9780007157150,science-fiction;classics
9780007127740,science-fiction;classics
9781401323820,mystery;crime
9780805080490,children;fantasy
9781416947400,self-help;humor
9780060747220,fantasy
9780345466600,mystery;thriller
9781455561780,thriller;mystery
9781857231380,space-opera;science-fiction
9780062255662,magical-realism;fantasy
9780802720870,young-adult;romance
9781400044160,literary-fiction;historical-fiction
9780141441160,classics;literary-fiction
9780062200631,horror
9780142000700,travel
9780061783180,urban-fantasy;fantasy;romance
9780425194850,urban-fantasy;humor
9780553804690,fantasy;adventure
9781400063970,historical-fiction;mystery
9780061020650,fantasy;humor
9781558611580,classics;horror
9780060987510,historical-fiction;romance
9780767903820,humor;memoir
9780425192030,thriller;science-fiction
9781573225120,memoir;psychology
9780765348272,space-opera;science-fiction
9780751530490,crime;thriller
9780765340740,epic-fantasy;fantasy
9780758216410,urban-fantasy;fantasy
9780061558245,horror;thriller
9780312282998,literary-fiction;historical-fiction
9780156004800,fiction;politics
9780143037149,contemporary;historical-fiction
9780553271980,thriller
9780140447941,poetry;classics
9780140449327,poetry;classics
9780142437223,poetry;classics
9780060934347,classics;literary-fiction
9780743477123,drama;classics
9780743477109,drama;classics
9780743477116,drama;classics
9780743482769,drama;classics
9780140424393,poetry;classics
9780141439822,adventure;classics
9780141439495,adventure;classics
9780140440041,classics;philosophy;humor
9780385031141,drama;classics
9780141439587,classics;romance
9780141439662,classics;romance
9780141439686,classics;romance
9780141439471,horror;classics
9780141439563,classics;literary-fiction
9780140439441,classics;literary-fiction
9780141439723,classics;literary-fiction
9780141439747,classics;literary-fiction
9780141324524,classics;literary-fiction
9780142437247,classics;literary-fiction
9780142437261,fantasy;science-fiction
9780140449129,classics;literary-fiction
9780374528379,classics;literary-fiction
9780375702242,classics;literary-fiction
9780679734529,classics;literary-fiction
9781400079988,classics;historical-fiction
9780143035008,classics;romance
9780307951335,classics;literary-fiction
9780140441475,classics;philosophy
9780679776444,classics;humor
9780141439549,classics;literary-fiction
9780141439570,classics;horror
9780141439846,horror;classics
9780141321004,adventure;classics
9780142437179,adventure;classics
9780143039563,adventure;classics
9780141441269,classics;literary-fiction
9780141439594,classics;literary-fiction
9780141441672,classics;literary-fiction
9780141441610,classics;literary-fiction
9780141321059,adventure;classics
9780141321110,adventure;classics
9780553213690,classics;literary-fiction
9780805209990,classics;literary-fiction
9780805211061,classics;literary-fiction
9780679722762,classics;literary-fiction
9780140186475,classics;literary-fiction
9780142437346,classics;literary-fiction
9780156628709,classics;literary-fiction
9780156907392,classics;literary-fiction
9780156701600,classics;literary-fiction
9780156030410,essays;classics
9780743297332,classics;literary-fiction
9781476764528,classics;literary-fiction
9780684803357,classics;literary-fiction
9780679732242,classics;literary-fiction
9780679732259,classics;literary-fiction
9780679732266,classics;literary-fiction
9780143039433,classics;historical-fiction
9780140186390,classics;historical-fiction
9780140187373,classics;literary-fiction
9780140177374,classics;literary-fiction
9780679720201,classics;literary-fiction
9780679720218,classics;literary-fiction
9780679733737,philosophy
9780811220309,classics;philosophy
9780679725169,drama;classics
9780679723165,classics;literary-fiction
9780679723424,classics;literary-fiction
9780385474542,classics;historical-fiction
9780679732761,classics;literary-fiction
9780060837563,classics;literary-fiction
9780345806543,classics;literary-fiction
9780345806567,classics;literary-fiction
9780679744726,essays
9780385333849,science-fiction;classics
9780385333481,science-fiction;classics
9781451626650,classics;humor
9780316769488,classics;young-adult
9780316769501,classics;literary-fiction
9780140283297,travel;classics
9780060837020,poetry;classics
9780399501487,classics;dystopian
9780451163967,classics;literary-fiction
9780393312836,dystopian;classics
9780060932138,classics;philosophy
9780156439619,magical-realism;fantasy
9780156453806,magical-realism;fantasy
9780802130303,magical-realism;classics
9780142437889,magical-realism;fantasy
9780307389732,magical-realism;classics
9781400033423,magical-realism;fantasy
9780307278449,literary-fiction
9781400033430,literary-fiction
9780812976533,magical-realism;literary-fiction
9780812976717,magical-realism;fantasy
9780156028356,classics;historical-fiction
9781400031702,literary-fiction;mystery
9780316055444,literary-fiction
9781400031696,literary-fiction;mystery
9780679731726,literary-fiction;historical-fiction
9780593318171,literary-fiction
9780143121169,historical-fiction
9780735222359,historical-fiction
9781476738024,fiction;humor
9781501160844,fiction;humor
9781501160776,fiction;contemporary
9780804172448,dystopian;literary-fiction
9780593321447,science-fiction;literary-fiction
9780385542364,historical-fiction;magical-realism
9780385537070,historical-fiction;literary-fiction
9780375703867,literary-fiction;contemporary
9780143037743,literary-fiction
9780307455925,literary-fiction;contemporary
9780395927205,literary-fiction
9781594631931,historical-fiction;literary-fiction
9781594489501,historical-fiction
9781609450786,literary-fiction;historical-fiction
9780375704024,literary-fiction
9781400079278,magical-realism;literary-fiction
9780679775430,magical-realism;fantasy
9780307593313,magical-realism;fantasy
9781476746586,historical-fiction;literary-fiction
9781982168438,historical-fiction
9780393635522,literary-fiction
9780063251922,literary-fiction
9780060786502,literary-fiction
9780593321201,contemporary;literary-fiction
9781501161933,historical-fiction
9781524798628,historical-fiction
9780451499059,contemporary;literary-fiction
9780374602604,contemporary;literary-fiction
9780804172707,literary-fiction;contemporary
9780312421274,literary-fiction;contemporary
9780812995343,literary-fiction
9781455563937,historical-fiction;literary-fiction
9780802148049,literary-fiction;contemporary
9780553293357,space-opera;science-fiction
9780553293371,space-opera;science-fiction
9780553293364,space-opera;science-fiction
9780553382563,science-fiction;classics
9780451457998,science-fiction
9780553287899,science-fiction
9780345347954,science-fiction
9780441788385,science-fiction
9780441783588,space-opera;science-fiction
9780345404473,science-fiction
9780547572482,science-fiction
9780547572291,science-fiction
9780441104024,space-opera;science-fiction
9780441013678,science-fiction
9780553281743,science-fiction
9780553380958,science-fiction;dystopian
9780553380965,science-fiction
9780060512804,science-fiction
9780061474095,science-fiction
9780441478125,science-fiction;literary-fiction
9780060512750,science-fiction;literary-fiction
9780812550757,space-opera;science-fiction
9780812509250,space-opera;science-fiction
9780765382030,science-fiction
9780765386694,science-fiction
9780765386632,science-fiction
9780553418026,adventure;science-fiction
9780593135204,adventure;science-fiction
9781101972120,science-fiction
9781101972083,science-fiction
9780765334794,science-fiction;humor
9780316129084,philosophy;classics
9780316129060,space-opera;science-fiction
9780316129077,space-opera;science-fiction
9780553283686,space-opera;science-fiction
9780553288209,space-opera;science-fiction
9780807083697,science-fiction;historical-fiction
9780446675505,dystopian;science-fiction
9780446603775,science-fiction
9780316005401,space-opera;science-fiction
9780765397539,space-opera;science-fiction
9781250186928,space-opera;science-fiction
9780553560732,science-fiction
9780553572391,science-fiction
9780553573350,science-fiction
9780316300148,science-fiction
9780312536633,space-opera;science-fiction
9780060892999,science-fiction
9780156027601,science-fiction
9780316246620,space-opera;science-fiction
9780812536355,space-opera;science-fiction
9780316452502,science-fiction
9780765319647,science-fiction
9780547928210,epic-fantasy;fantasy
9780547928203,epic-fantasy;fantasy
9780547928197,epic-fantasy;fantasy
9780553573404,epic-fantasy;fantasy
9780553579901,epic-fantasy;fantasy
9780553573428,epic-fantasy;fantasy
9780553582024,epic-fantasy;fantasy
9780553582017,epic-fantasy;fantasy
9781524796280,epic-fantasy;fantasy
9780812511819,epic-fantasy;fantasy
9780812517729,epic-fantasy;fantasy
9780812513714,epic-fantasy;fantasy
9780812513738,epic-fantasy;fantasy
9780765350381,epic-fantasy;fantasy
9780765356130,epic-fantasy;fantasy
9780765356147,epic-fantasy;fantasy
9780765365279,epic-fantasy;fantasy
9780765365286,epic-fantasy;fantasy
9780765365293,epic-fantasy;fantasy
9780765326386,epic-fantasy;fantasy
9780765350374,epic-fantasy;fantasy
9780765360038,epic-fantasy;fantasy
9780756404741,epic-fantasy;fantasy
9780756407919,epic-fantasy;fantasy
9780547773742,epic-fantasy;fantasy
9780060558123,urban-fantasy;fantasy
9780060853983,fantasy;humor
9780062225672,fantasy;humor
9780062225719,fantasy;humor
9780062225757,fantasy;humor
9780062237378,fantasy;humor
9780553573398,epic-fantasy;fantasy
9780553573411,epic-fantasy;fantasy
9780316387316,epic-fantasy;fantasy
9780316198356,epic-fantasy;fantasy
9780553588941,fantasy;adventure
9780553588958,fantasy;adventure
9780765348784,epic-fantasy;fantasy
9780765348791,epic-fantasy;fantasy
9780316229296,epic-fantasy;fantasy
9780316229265,epic-fantasy;fantasy
9780316229241,epic-fantasy;fantasy
9781582346038,fantasy;historical-fiction
9781635575637,fantasy
9780062662569,fantasy
9780062662637,fantasy
9780063021426,fantasy;historical-fiction
9780399180989,fantasy
9780765376459,fantasy
9780765387561,fantasy;historical-fiction
9781635570298,epic-fantasy;fantasy
9780062073563,mystery;crime
9780062073495,mystery;crime
9780140439083,mystery;classics
9780307588371,thriller;mystery
9780307341556,thriller;crime
9780307341570,thriller;crime
9780307949486,crime;thriller
9780307476159,crime;thriller
9780312924584,thriller;crime
9780425228227,thriller;crime
9780394758282,crime;classics
9780394757681,crime;thriller
9780679722649,crime;classics
9780679722632,crime;thriller
9780393332148,crime;classics
9780143124757,thriller;mystery
9780143120933,thriller;mystery
9780743287203,thriller;mystery
9780440245926,thriller;crime
9780440245919,thriller;crime
9780440245933,thriller;crime
9780515153651,thriller;crime
9780515142242,thriller
9780446616454,crime;thriller
9780446602624,crime;thriller
9780143113492,mystery;crime
9780143115625,mystery;crime
9780143119494,mystery;crime
9781501132957,mystery;crime
9781501112331,mystery;crime
9781501188787,mystery;crime
9780062868930,mystery;crime
9780062868916,mystery;crime
9781984880987,mystery;crime
9781984880994,mystery;crime
9781594634024,thriller;mystery
9780062645234,mystery;crime
9780446359863,thriller;crime
9780062068408,crime;thriller
9780061898815,crime;thriller
9780451239372,thriller
9781501142970,horror
9780307743664,horror
9781501156748,horror;thriller
9781501156700,horror
9780307743688,horror;thriller
9780307743671,horror
9781451698855,horror;thriller
9780143039983,horror;classics
9780345337665,horror
9780345313867,horror
9780812974416,horror
9780141182346,horror
9780765318749,young-adult;dystopian
9780061007224,horror
9780060080846,thriller;science-fiction
9780380729401,horror
9780062259660,horror;thriller
9780062363251,horror
9780062679116,horror
9780061147937,horror
9780061147968,horror
9780312355296,horror
9780375703768,horror
9780451166890,historical-fiction;adventure
9780451228376,historical-fiction
9780525954972,historical-fiction
9780312429980,historical-fiction;literary-fiction
9781250024176,historical-fiction
9780679724773,historical-fiction;classics
9780440178002,historical-fiction;adventure
9780440184621,historical-fiction;adventure
9780553580532,historical-fiction;adventure
9780393307054,historical-fiction;adventure
9780393307061,historical-fiction;adventure
9781250080400,historical-fiction
9781250178602,historical-fiction
9780375842207,historical-fiction;literary-fiction
9780060887186,historical-fiction;adventure
9780544176560,mystery;historical-fiction;classics
9780156032971,mystery;literary-fiction
9780449000724,historical-fiction
9780449002636,historical-fiction
9780394751016,historical-fiction
9780394751047,historical-fiction
9780449213940,classics;historical-fiction
9780307390950,classics;historical-fiction
9780679745204,historical-fiction;literary-fiction
9781984806734,romance;contemporary
9781984806758,romance;contemporary
9780593440872,romance;contemporary
9780593441275,romance;contemporary
9781501110368,romance;contemporary
9781668001226,romance;contemporary
9781538724736,thriller;romance
9781250244499,romance;young-adult
9780593336823,romance;contemporary
9780593336847,romance;contemporary
9780440212560,historical-fiction;romance
9780440215622,historical-fiction;romance
9780446605236,romance;contemporary
9780446608954,romance;contemporary
9780143124542,romance;contemporary
9780062353597,romance;contemporary
9780062439598,romance;contemporary
9781501128035,romance;contemporary
9780451490803,romance;contemporary
9780062941206,romance;contemporary
9780062941237,romance;contemporary
9780439023528,young-adult;dystopian
9780439023498,young-adult
9780439023511,young-adult
9781338635171,young-adult
9780525478812,young-adult;contemporary
9780142402511,young-adult
9780142414934,young-adult
9780786838653,young-adult;fantasy
9780786856862,young-adult;fantasy
9781423101499,crime;thriller
9781423101475,young-adult;fantasy
9780062024039,young-adult;dystopian
9780062024046,young-adult
9780062024060,young-adult
9781250027436,young-adult;fantasy
9781627792127,young-adult;fantasy
9781627792134,young-adult
9781619634442,young-adult;fantasy
9780143039099,children;classics
9780140309577,children;adventure
9781481409933,children;young-adult
9780064401845,children
9780312369811,children
9780547328614,children;classics
9780689711817,children;mystery
9780547577098,children;historical-fiction
9781451648539,biography;business
9781501139154,biography
9780684807614,biography
9780143034759,biography;history
9781400077304,biography
9780143119968,biography
9781594204876,biography
9780553296983,memoir;history
9780345514400,memoir
9781524763138,memoir
9781524763169,memoir;politics
9781400082773,memoir;biography
9780525510673,memoir
9780399588174,humor;memoir
9780812988406,memoir;science
9780743247542,memoir
9780345350688,memoir;biography
9780316548182,memoir;history
9780062301239,biography;business
9780684813639,biography;history
9780671869205,biography
9780394720241,biography;history
9780374500016,memoir;history
9781400078431,memoir
9780374521721,essays
9780060936228,memoir
9780307476074,travel;memoir
9780525657743,memoir;contemporary
9780307388407,memoir
9781544512273,memoir;self-help
9780060934910,memoir
9780143117001,history
9780062464316,history
9780525512172,history
9780345476098,history
9780345349576,history
9780375725609,true-crime;history
9780307408853,history
9780385348713,history
9780385534246,true-crime;history
9780385513531,travel;adventure
9780385534260,history;adventure
9780385494786,travel;adventure
9780385486804,travel;adventure;memoir
9781400032808,true-crime;religion-spirituality
9780060838652,history
9780593230251,politics;history
9780465031474,politics
9780804190114,politics;history
9781101912379,history
9780143118183,crime;thriller
9780316023740,history
9780143037750,history
9780743226721,biography;history
9781476728759,biography
9781451651683,history
9780805086843,history
9780385521314,true-crime;history
9780385545686,true-crime;history
9781501134616,history
9780140455113,philosophy;classics;politics
9780140449273,philosophy;classics
9780140455496,philosophy;classics
9780140449495,philosophy;classics
9780140444216,philosophy;classics
9780140442106,philosophy;classics
9780140449464,philosophy;classics
9780140449150,philosophy;classics;politics
9780140431957,philosophy;classics
9780872201927,philosophy;classics
9780140435719,philosophy;classics
9780521357302,philosophy;classics
9780199549900,philosophy;classics
9780140442014,philosophy;classics;politics
9780521657297,philosophy;classics
9780486217611,philosophy;classics
9780140444490,religion-spirituality;classics;philosophy
9780140445336,religion-spirituality;classics;philosophy
9780140449235,philosophy;classics
9780140441185,philosophy;classics
9780679724629,philosophy;classics
9780394719856,philosophy;classics
9780140432077,philosophy;classics
9780872206052,philosophy;classics
9780140447576,politics;classics
9780671867805,philosophy;classics
9780307265562,philosophy;classics
9781405159289,philosophy;classics
9780671201586,philosophy;classics
9780195115529,philosophy;classics
9780679752554,philosophy;history
9780679753353,philosophy;history
9780374532505,philosophy;politics
9780735211735,self-help
9780684853949,psychology;science
9780375704055,psychology
9781400033539,psychology
9780807014295,psychology;memoir
9780061241895,psychology
9781501109805,psychology
9780345472328,psychology;self-help
9781501111105,psychology;self-help
9781594484803,psychology;self-help
9780735210622,psychology
9780061339202,psychology;self-help
9780143127741,psychology;science
9780307352156,psychology
9780307455772,psychology
9780465028023,psychology
9780593655030,psychology
9781984878106,psychology;self-help
9780143128854,psychology;business
9780061353246,psychology
9780061995040,psychology
9780553383713,psychology;self-help
9780553384499,psychology;self-help
9781592408412,self-help
9781592858491,self-help
9780345539434,science
9780345376596,science
9780345409461,science
9780393316049,memoir;science
9780393320923,memoir;science
9780465025275,science
9780198788607,science
9780393351491,science
9780618918249,science;religion-spirituality
9780393058581,science
9780375727207,science
9780399184413,science
9780735216105,science
9780393609394,science
9781439170915,science;history
9781476733524,science;history
9781982117351,science
9781400052189,science;biography
9780767908184,science;history
9780385539302,science
9781501144325,psychology
9780618249060,science;classics
9780743216302,science;memoir
9781250062185,science;history
9780140432053,science;classics
9780140432688,science
9780525510314,science
9780465026562,philosophy;science
9780226458120,philosophy;science
9780143113454,science
9781400096237,science
9780465030798,philosophy;science
9780201835953,business;science
9780132350884,business;self-help
9780137081073,business;self-help
9780134494166,business;self-help
9780135957059,business;self-help
9780201633610,business;science
9780134757599,business;self-help
9780735619678,business;self-help
9780262510875,science;classics
9780988262591,business
9781942788003,business
9781942788331,business
9781449373320,science
9780804139298,business
9780066620992,business
9780060516406,business
9781633691780,business
9781501124020,business;self-help
9780062273208,business
9781501135927,business;memoir
9781524731656,true-crime;business
9780393338829,economics;business
9780393324815,economics;business
9780393351590,economics;business
9780393027501,economics;business
9780060555665,economics;business
9780857197689,economics;business
9781400063512,philosophy;economics
9780812975215,philosophy;economics
9781400067824,philosophy;economics
9780425284629,philosophy;economics
9780060731335,economics;science
9780060889579,economics;science
9780674430006,economics
9780140436150,economics;classics
9780156347112,economics
9780226320557,economics
9780735216358,psychology;business
9780735211292,self-help;psychology
9781455586691,self-help
9781455509126,self-help
9780525536512,self-help
9780593544853,self-help
9781982137274,self-help
9780143126560,self-help
9780307465351,self-help;business
9780062457714,self-help
9780062888433,self-help
9780671027032,self-help
9781585424337,self-help;business
9780140280197,psychology;self-help
9780143124177,psychology;self-help
9780525428145,psychology;self-help
9781591847816,self-help
9781591846352,self-help;philosophy
9780525538585,self-help
9780593191675,self-help
9781878424310,self-help;religion-spirituality
9780804137386,self-help
9780593135648,self-help
9780525572428,psychology;business
9780358003328,psychology;self-help
9780374159122,self-help
9780865478015,self-help
9780156701532,politics;history
9780143039884,politics
9780226025988,philosophy;politics
9780140447606,politics;classics
9780802141323,politics
9780802143006,politics
9780394740676,politics;history
9780375714498,politics
9780465060733,economics
9780743284554,politics
9780374533229,politics
9780374535629,politics
9780143122012,history;psychology;science
9780525427575,science;philosophy
9780142003343,psychology;science
9780812993547,essays;memoir
9781595586438,politics
9780553447453,politics;economics
9780593239919,politics
9780307719225,politics;economics
9780735224407,politics
9781524762940,politics;history
9781451628975,politics;history
9780316346627,psychology;science
9780316010665,psychology;science
9780316017930,psychology;business
9780316204378,psychology;science
9780316478526,psychology;science
9780143038580,science
9780143114963,science
9781594204227,science
9781594204210,science
9780375760396,science
9780393337013,adventure;history
9780446556248,adventure;history
9781455566389,psychology;history
9780380727506,travel;humor
9780767919395,history
9780767919418,history
9780767903868,travel;humor
9780060835903,business;psychology
9780812984965,memoir;crime
9781250107817,science;economics
9780735214484,psychology;business
9780140390445,essays;classics
9780156948777,poetry;classics
9780140424386,poetry;classics
9780393320978,poetry;classics
9780140446043,essays;classics
9780140390162,classics;politics;history
9780486277905,essays;classics
9780140441291,drama;classics
9780156881807,drama;classics
9780802144423,drama;classics
9780802144393,drama;classics
9780486264783,drama;classics
9780140481341,drama;classics
9780142437339,drama;classics
9780811216029,drama;classics
9780811214049,drama;classics
9780593098233,space-opera;science-fiction
9780593098257,space-opera;science-fiction
9780062190376,science-fiction
9780312851828,space-opera;science-fiction
9780316005364,space-opera;science-fiction
9780316123402,space-opera;science-fiction
9780316212366,space-opera;science-fiction
9780441009428,science-fiction
9780441010646,space-opera;science-fiction
9780345459404,fantasy;science-fiction
9780345460011,fantasy;science-fiction
9780345458421,fantasy;science-fiction
9780345524508,science-fiction
9780345539786,space-opera;science-fiction
9780345539816,space-opera;science-fiction
9780345539847,space-opera;science-fiction
9780425285916,space-opera;science-fiction
9780425285947,space-opera;science-fiction
9780425285978,space-opera;science-fiction
9781250186461,space-opera;science-fiction
9781250313188,fantasy;science-fiction
9781250313225,fantasy;science-fiction
9781250854117,fantasy;science-fiction
9781250886088,young-adult;dystopian
9780765387424,fantasy
9781250813893,fantasy;mystery
9781250217288,fantasy;contemporary
9781250217349,fantasy
9781250217448,fantasy;science-fiction
9780679723257,crime;classics
9780679723226,crime;thriller
9780446674249,crime;mystery
9780307742995,crime;thriller
9780345807090,crime;thriller
9780061133992,crime;thriller
9780425165584,horror
9780743417358,horror;fantasy
9780060937263,horror;fantasy
9781439156735,horror;dystopian
9780425188804,thriller;science-fiction
9780345533371,thriller
9780425181102,horror;thriller
9780553584493,horror;mystery
9780393324822,science;humor
9780393334791,science;humor
9780393348743,science;humor
9781324036128,science;humor
9780312421700,science
9780312427658,science
9780312430009,science;self-help
9781250076229,science
9780060839789,history;biography
9780060838591,science;history
9780140275018,history
9780142001615,history
9780393319408,science
9780871403636,science
9780871403858,science
9780393308198,science;history
9780393314250,science;history
9780393307009,science;history
9780393353662,psychology;science
9780393357837,psychology;science
9780008294281,science
9781538719985,science;memoir
9781400078974,history
9780349119724,history
9780385537841,history
9781631492228,history;classics
9780674032187,history;classics
9780691222363,history;classics
9780141020761,history;biography
9780465024971,history;classics
9780393647013,history;biography
9780393324846,history;biography
9781400076789,history;biography
9781400096138,history;biography
9780307280503,religion-spirituality;history
9780307280510,history;biography
9780141441030,science-fiction
9780141441023,science-fiction
9780140449068,adventure;classics
9780141441979,adventure;science-fiction
9780140440256,adventure;classics
9780199537259,adventure;classics
9780140443530,classics;literary-fiction
9780140445503,classics;humor
9780140436693,classics;adventure
9780141439792,classics;romance
9780141439808,classics;romance
9780141439754,classics;literary-fiction
9780141439624,classics;literary-fiction
9780141439655,classics;romance
9780141439785,classics;literary-fiction
9780140435382,classics;literary-fiction
9780141441498,classics;romance
9780141441443,classics;literary-fiction
9780141441542,classics;literary-fiction
9780141441382,classics;literary-fiction
